Index;plan_notif;plan_cons
1;0.04999999999999716;0.04000000000000625
2;0;0
3;0;0
4;0;0
5;0;0
6;0;0
7;0;0
8;0;0
9;0;0
10;0;0
